{
  "seed_10_crawl_200_(1)dclm_fasttext":{
    "num_documents":200.0,
    "avg_document_length":782.31,
    "median_document_length":657.0,
    "rouge_l_mean":0.1343007744,
    "rouge_l_median":0.1204819277,
    "rouge_l_std":0.1580716763,
    "bleu_mean":0.0349164086,
    "bleu_median":0.005301209,
    "bleu_std":0.1443879035,
    "jaccard_mean":0.1089756161,
    "jaccard_median":0.0894308943,
    "jaccard_std":0.1495616089,
    "tfidf_mean":0.120179291,
    "tfidf_median":0.0990080153,
    "tfidf_std":0.1519319511
  },
  "seed_10_crawl_200_dclm_fasttext":{
    "num_documents":200.0,
    "avg_document_length":779.485,
    "median_document_length":659.0,
    "rouge_l_mean":0.1400243579,
    "rouge_l_median":0.1216730038,
    "rouge_l_std":0.1612917487,
    "bleu_mean":0.0373182405,
    "bleu_median":0.0055040241,
    "bleu_std":0.1490001569,
    "jaccard_mean":0.1135061458,
    "jaccard_median":0.0901639344,
    "jaccard_std":0.1531278371,
    "tfidf_mean":0.124933294,
    "tfidf_median":0.1008337527,
    "tfidf_std":0.1549541137
  },
  "seed_10_crawl_200_indegree":{
    "num_documents":200.0,
    "avg_document_length":1024.72,
    "median_document_length":745.5,
    "rouge_l_mean":0.0449962057,
    "rouge_l_median":0.0090702948,
    "rouge_l_std":0.097057941,
    "bleu_mean":0.0094529337,
    "bleu_median":0.0002234688,
    "bleu_std":0.0728533245,
    "jaccard_mean":0.0372556726,
    "jaccard_median":0.0060240964,
    "jaccard_std":0.0894372084,
    "tfidf_mean":0.0469896893,
    "tfidf_median":0.0,
    "tfidf_std":0.1078927927
  },
  "seed_10_crawl_200_random":{
    "num_documents":200.0,
    "avg_document_length":1040.235,
    "median_document_length":714.0,
    "rouge_l_mean":0.04201564,
    "rouge_l_median":0.0070175439,
    "rouge_l_std":0.0853628376,
    "bleu_mean":0.006676473,
    "bleu_median":0.0,
    "bleu_std":0.0569474504,
    "jaccard_mean":0.032997169,
    "jaccard_median":0.0031055901,
    "jaccard_std":0.0765587657,
    "tfidf_mean":0.0448671198,
    "tfidf_median":0.0,
    "tfidf_std":0.0999380893
  }
}